Dataset,Normalization,Resample,accuracy,balanced_accuracy,auroc,log_loss
DodgerLoopDay,quantile_uniform,Resample_0,0.2875,0.2857142857142857,0.5666783217180449,1.7550718967806387
DodgerLoopDay,quantile_uniform,Resample_1,0.3875,0.36875901875901873,0.7424092578716088,1.4943499348396736
DodgerLoopDay,quantile_uniform,Resample_2,0.375,0.33116883116883117,0.7346947738252088,1.53356542130401
DodgerLoopDay,quantile_uniform,Resample_3,0.25,0.2824675324675325,0.6772824876063289,1.6423443918698897
DodgerLoopDay,quantile_uniform,Resample_4,0.4625,0.4086580086580086,0.8107204145635192,1.4365858837154333
DodgerLoopDay,quantile_uniform,Resample_5,0.3,0.3174603174603175,0.7832532937903314,1.5929724410820512
DodgerLoopDay,quantile_uniform,Resample_6,0.325,0.3340336134453782,0.8168396315571664,1.3997850180428297
DodgerLoopDay,quantile_uniform,Resample_7,0.35,0.351953601953602,0.7220221191129003,1.5402009389220717
DodgerLoopDay,quantile_uniform,Resample_8,0.275,0.2857142857142857,0.6244881829684218,1.7928186813311295
DodgerLoopDay,quantile_uniform,Resample_9,0.3,0.41020408163265315,0.6698900303676423,1.6377683411012398
DodgerLoopDay,quantile_uniform,Resample_10,0.1375,0.14675324675324677,0.38925909343738674,1.8955178450786243
DodgerLoopDay,quantile_uniform,Resample_11,0.2875,0.2857142857142857,0.7617759888156784,1.7051333690242345
DodgerLoopDay,quantile_uniform,Resample_12,0.2125,0.25487012987012986,0.47803776248793406,1.766170559310312
DodgerLoopDay,quantile_uniform,Resample_13,0.3,0.2642857142857143,0.7701587715674625,1.6972436864467657
DodgerLoopDay,quantile_uniform,Resample_14,0.325,0.31230158730158736,0.7588852276519564,1.5795252304990968
DodgerLoopDay,quantile_uniform,Resample_15,0.3,0.2857142857142857,0.5635094644606707,1.782249948757532
DodgerLoopDay,quantile_uniform,Resample_16,0.3125,0.3766233766233766,0.7581532427101468,1.6567857529610936
DodgerLoopDay,quantile_uniform,Resample_17,0.275,0.24965986394557824,0.6506093633351748,1.7127831089517656
DodgerLoopDay,quantile_uniform,Resample_18,0.0,0.0,0.22707888021721195,1.981934611334811
DodgerLoopDay,quantile_uniform,Resample_19,0.2875,0.31887755102040816,0.7250657433340517,1.685403714893848
DodgerLoopDay,quantile_uniform,Resample_20,0.35,0.3371628371628371,0.7057224723114425,1.5102653154849826
DodgerLoopDay,quantile_uniform,Resample_21,0.2625,0.2857142857142857,0.6809580590834647,1.711883071026206
DodgerLoopDay,quantile_uniform,Resample_22,0.3875,0.31077694235588976,0.7412487922611186,1.3840685843851026
DodgerLoopDay,quantile_uniform,Resample_23,0.1875,0.15384615384615383,0.6602213943073042,1.8340237402319226
DodgerLoopDay,quantile_uniform,Resample_24,0.3125,0.2857142857142857,0.7191408245202672,1.654977298334148
DodgerLoopDay,quantile_uniform,Resample_25,0.4125,0.35604395604395606,0.6342990307448797,1.7339676787195202
DodgerLoopDay,quantile_uniform,Resample_26,0.3,0.33912231559290384,0.715382250205931,1.5793234930448679
DodgerLoopDay,quantile_uniform,Resample_27,0.3125,0.36507936507936506,0.643135696565882,1.6366628312683615
DodgerLoopDay,quantile_uniform,Resample_28,0.35,0.38591269841269843,0.7621733097745371,1.6406393623393831
DodgerLoopDay,quantile_uniform,Resample_29,0.3,0.3248299319727891,0.6698144720284562,1.4105828151003812
GesturePebbleZ1,quantile_uniform,Resample_0,0.7965116279069767,0.7915124989455263,0.9565947555977121,0.7378786261530216
GesturePebbleZ1,quantile_uniform,Resample_1,0.7441860465116279,0.7599267731061209,0.9625882874415335,0.6656343744950618
GesturePebbleZ1,quantile_uniform,Resample_2,0.7093023255813954,0.704963162086818,0.9571467109699563,0.6998497984770801
GesturePebbleZ1,quantile_uniform,Resample_3,0.7616279069767442,0.7618892942481651,0.9682375202336694,0.6498054466291343
GesturePebbleZ1,quantile_uniform,Resample_4,0.7906976744186046,0.7888084129005414,0.9640677077381572,0.6612336984878758
GesturePebbleZ1,quantile_uniform,Resample_5,0.7906976744186046,0.7834595623138448,0.9685852151233697,0.6192335729844544
GesturePebbleZ1,quantile_uniform,Resample_6,0.8023255813953488,0.8133866161304054,0.9740893819001025,0.6089580003481434
GesturePebbleZ1,quantile_uniform,Resample_7,0.7441860465116279,0.7433421516754851,0.9624967701849048,0.6644533363352122
GesturePebbleZ1,quantile_uniform,Resample_8,0.7848837209302325,0.7875427364408586,0.9695081652891926,0.6243994137844324
GesturePebbleZ1,quantile_uniform,Resample_9,0.7732558139534884,0.771582512315271,0.9601778132718506,0.6924387469472553
GesturePebbleZ1,quantile_uniform,Resample_10,0.7732558139534884,0.764945743911261,0.9643852072856495,0.6194235424206234
GesturePebbleZ1,quantile_uniform,Resample_11,0.7558139534883721,0.7527042455203374,0.9593978938416956,0.7262954484873209
GesturePebbleZ1,quantile_uniform,Resample_12,0.7441860465116279,0.7535072571441958,0.9604095040446332,0.6654189778262924
GesturePebbleZ1,quantile_uniform,Resample_13,0.8081395348837209,0.8027631957229658,0.975447295122952,0.578599447353316
GesturePebbleZ1,quantile_uniform,Resample_14,0.7674418604651163,0.7732437275985662,0.9595337818223564,0.7156984894245695
GesturePebbleZ1,quantile_uniform,Resample_15,0.7151162790697675,0.7270699531990762,0.9531991058095318,0.7466921630815206
GesturePebbleZ1,quantile_uniform,Resample_16,0.7790697674418605,0.7711433821619655,0.9638008196886374,0.6248493733574351
GesturePebbleZ1,quantile_uniform,Resample_17,0.7906976744186046,0.7911896745230078,0.9651009407181262,0.6560725685615115
GesturePebbleZ1,quantile_uniform,Resample_18,0.7965116279069767,0.7963996186236169,0.9698047381584872,0.6244304614331099
GesturePebbleZ1,quantile_uniform,Resample_19,0.8023255813953488,0.8066378066378066,0.9769020779833857,0.5731136164523594
GesturePebbleZ1,quantile_uniform,Resample_20,0.7616279069767442,0.7663402808876948,0.9665553131882394,0.6371934670345327
GesturePebbleZ1,quantile_uniform,Resample_21,0.75,0.7448112423974494,0.9617298913657388,0.6667756582757902
GesturePebbleZ1,quantile_uniform,Resample_22,0.8081395348837209,0.8195090616067628,0.9719225450086871,0.6296867290841633
GesturePebbleZ1,quantile_uniform,Resample_23,0.7906976744186046,0.7903990299823634,0.9750758695449898,0.5898729717961426
GesturePebbleZ1,quantile_uniform,Resample_24,0.7906976744186046,0.7803214069880737,0.9702936332339085,0.6119287236586647
GesturePebbleZ1,quantile_uniform,Resample_25,0.7965116279069767,0.798203490847169,0.9762079797952884,0.606893794983814
GesturePebbleZ1,quantile_uniform,Resample_26,0.7848837209302325,0.782688492063492,0.974902236152441,0.607082093722862
GesturePebbleZ1,quantile_uniform,Resample_27,0.7848837209302325,0.7775479684400223,0.9635004548481096,0.6479049382337486
GesturePebbleZ1,quantile_uniform,Resample_28,0.8197674418604651,0.8131939260971519,0.9740494736456954,0.5956564918219202
GesturePebbleZ1,quantile_uniform,Resample_29,0.7093023255813954,0.7138677662207074,0.9557061469415461,0.7289900124933273
GunPointAgeSpan,quantile_uniform,Resample_0,0.879746835443038,0.8798878205128206,0.9437700320512821,0.35492415495104507
GunPointAgeSpan,quantile_uniform,Resample_1,0.8481012658227848,0.8482869164496093,0.9243037467441394,0.35173891703419524
GunPointAgeSpan,quantile_uniform,Resample_2,0.8544303797468354,0.8545847854825142,0.9367864439370268,0.3984985492810167
GunPointAgeSpan,quantile_uniform,Resample_3,0.8544303797468354,0.8516154926750954,0.9267509532410195,0.38150610550424147
GunPointAgeSpan,quantile_uniform,Resample_4,0.8386075949367089,0.8406531757162894,0.9426567822079743,0.3642535933029638
GunPointAgeSpan,quantile_uniform,Resample_5,0.8449367088607594,0.8463834902825085,0.9319575235423763,0.3692563580590076
GunPointAgeSpan,quantile_uniform,Resample_6,0.8481012658227848,0.8526704979303139,0.9379897922276252,0.35822585787739925
GunPointAgeSpan,quantile_uniform,Resample_7,0.8386075949367089,0.8377440955932476,0.9055294919603833,0.41248440824989113
GunPointAgeSpan,quantile_uniform,Resample_8,0.819620253164557,0.8175004008337341,0.9167869167869167,0.3945587925120794
GunPointAgeSpan,quantile_uniform,Resample_9,0.8607594936708861,0.860897435897436,0.9333333333333333,0.36217076199483444
GunPointAgeSpan,quantile_uniform,Resample_10,0.8386075949367089,0.8380321285140562,0.9072289156626506,0.4212511628943288
GunPointAgeSpan,quantile_uniform,Resample_11,0.8575949367088608,0.8591944801026957,0.9453225288831836,0.32393703861445183
GunPointAgeSpan,quantile_uniform,Resample_12,0.870253164556962,0.8704194260485651,0.9332129239414008,0.4091206297397103
GunPointAgeSpan,quantile_uniform,Resample_13,0.8132911392405063,0.8128032399053691,0.8969485544729139,0.4146897785658408
GunPointAgeSpan,quantile_uniform,Resample_14,0.819620253164557,0.8204428754813864,0.9042843388960204,0.4780454095051284
GunPointAgeSpan,quantile_uniform,Resample_15,0.8417721518987342,0.8415865384615384,0.9180689102564102,0.3910253380993988
GunPointAgeSpan,quantile_uniform,Resample_16,0.8512658227848101,0.8509116409537167,0.9266279302744941,0.37850418564393323
GunPointAgeSpan,quantile_uniform,Resample_17,0.870253164556962,0.8701384708007225,0.9382299819385912,0.3579760425800971
GunPointAgeSpan,quantile_uniform,Resample_18,0.8481012658227848,0.8523089332526719,0.9270014115749143,0.3725545366483351
GunPointAgeSpan,quantile_uniform,Resample_19,0.8322784810126582,0.8328791825285513,0.90254458024444,0.4004793782644828
GunPointAgeSpan,quantile_uniform,Resample_20,0.8670886075949367,0.8648605257876781,0.9472205498695565,0.3351751113099332
GunPointAgeSpan,quantile_uniform,Resample_21,0.8354430379746836,0.8356790568988332,0.9170776695136131,0.4689537982928216
GunPointAgeSpan,quantile_uniform,Resample_22,0.8544303797468354,0.8530923694779116,0.9195983935742972,0.38648618371528226
GunPointAgeSpan,quantile_uniform,Resample_23,0.8639240506329114,0.8632211538461538,0.9358573717948718,0.36235655873006045
GunPointAgeSpan,quantile_uniform,Resample_24,0.8639240506329114,0.8639240506329113,0.9354670725845217,0.3962126996006075
GunPointAgeSpan,quantile_uniform,Resample_25,0.8544303797468354,0.8539565164972069,0.9291886026604509,0.36790654250763555
GunPointAgeSpan,quantile_uniform,Resample_26,0.8259493670886076,0.8275212441879108,0.9240820907487575,0.37872275188392934
GunPointAgeSpan,quantile_uniform,Resample_27,0.8291139240506329,0.8309236947791165,0.9073493975903615,0.5134016867842891
GunPointAgeSpan,quantile_uniform,Resample_28,0.8575949367088608,0.857423440756774,0.9232403399070067,0.36623698455863146
GunPointAgeSpan,quantile_uniform,Resample_29,0.8417721518987342,0.8422064655690422,0.9371069182389937,0.3583878510607249
MelbournePedestrian,quantile_uniform,Resample_0,0.6810168101681017,0.6807413221698936,0.9276304971422579,1.0737182115574841
MelbournePedestrian,quantile_uniform,Resample_1,0.6937269372693727,0.6940526343537791,0.9293792343546633,1.054702553178745
MelbournePedestrian,quantile_uniform,Resample_2,0.6892168921689217,0.6874107549637438,0.9288573394759819,1.0649860701601694
MelbournePedestrian,quantile_uniform,Resample_3,0.6752767527675276,0.6719438403633685,0.9315550709379479,1.0635872075411537
MelbournePedestrian,quantile_uniform,Resample_4,0.6900369003690037,0.6901721020341488,0.9356725540502024,1.0270540299972388
MelbournePedestrian,quantile_uniform,Resample_5,0.6863468634686347,0.6870493962823041,0.9274444495996284,1.0623008607638977
MelbournePedestrian,quantile_uniform,Resample_6,0.6613366133661337,0.6637230681016529,0.9275495388863882,1.0830774000468324
MelbournePedestrian,quantile_uniform,Resample_7,0.6715867158671587,0.6742321422096564,0.9307176443550432,1.0492590532262935
MelbournePedestrian,quantile_uniform,Resample_8,0.6875768757687577,0.6890882174488908,0.9362536522364854,1.0109811706509662
MelbournePedestrian,quantile_uniform,Resample_9,0.6830668306683066,0.6815029422965992,0.9294261351235037,1.0625770725361052
MelbournePedestrian,quantile_uniform,Resample_10,0.6560065600656007,0.6587579272790582,0.9282827417841496,1.0943392605138431
MelbournePedestrian,quantile_uniform,Resample_11,0.6896268962689627,0.6915766372889155,0.9325670446514321,1.0266135974885233
MelbournePedestrian,quantile_uniform,Resample_12,0.6789667896678967,0.6780711463680225,0.9265260438691406,1.0889973311172847
MelbournePedestrian,quantile_uniform,Resample_13,0.6752767527675276,0.6754222769348904,0.9227351620118052,1.1082571141520117
MelbournePedestrian,quantile_uniform,Resample_14,0.6687166871668717,0.6716108493333628,0.9252099925487729,1.0993936605211543
MelbournePedestrian,quantile_uniform,Resample_15,0.6744567445674456,0.6737077945393397,0.928936662299361,1.0842050265183774
MelbournePedestrian,quantile_uniform,Resample_16,0.6678966789667896,0.66775037944027,0.9320525527713818,1.0504080241089286
MelbournePedestrian,quantile_uniform,Resample_17,0.6851168511685117,0.6884034846436438,0.9273629299904215,1.0834745838822966
MelbournePedestrian,quantile_uniform,Resample_18,0.6994669946699467,0.6995578736803759,0.9335764248912458,1.0165977883903707
MelbournePedestrian,quantile_uniform,Resample_19,0.6847068470684707,0.6854975642240994,0.9314597416021897,1.0337548524097109
MelbournePedestrian,quantile_uniform,Resample_20,0.6814268142681427,0.6787990847744473,0.9295832278970861,1.0548981997521452
MelbournePedestrian,quantile_uniform,Resample_21,0.6883968839688397,0.6875931410300309,0.9284736298740603,1.0436888732376672
MelbournePedestrian,quantile_uniform,Resample_22,0.6814268142681427,0.6802831608195282,0.9309684807241213,1.0499832995420042
MelbournePedestrian,quantile_uniform,Resample_23,0.6781467814678147,0.6768058606990336,0.9278829091717664,1.069739222728391
MelbournePedestrian,quantile_uniform,Resample_24,0.6646166461664617,0.6628130746557702,0.9257197897665733,1.1084053383947599
MelbournePedestrian,quantile_uniform,Resample_25,0.7019270192701927,0.701370216061852,0.9368545650129485,1.0180598791570616
MelbournePedestrian,quantile_uniform,Resample_26,0.6773267732677327,0.6766369621242041,0.9298613611847524,1.0727846710267355
MelbournePedestrian,quantile_uniform,Resample_27,0.6957769577695777,0.6954795193487131,0.9293622705614462,1.0591395203903844
MelbournePedestrian,quantile_uniform,Resample_28,0.6777367773677737,0.6784053546539316,0.9243731375357364,1.1088490211549011
MelbournePedestrian,quantile_uniform,Resample_29,0.6822468224682247,0.6811782089177678,0.9260080491131605,1.0744195904908624
SmoothSubspace,quantile_uniform,Resample_0,0.8133333333333334,0.8133333333333334,0.9438,0.506125038009708
SmoothSubspace,quantile_uniform,Resample_1,0.7866666666666666,0.784256943884273,0.9267479456447669,0.5466271091531563
SmoothSubspace,quantile_uniform,Resample_2,0.7933333333333333,0.796182279598367,0.9323082437275986,0.5159706258156824
SmoothSubspace,quantile_uniform,Resample_3,0.86,0.8601082549768407,0.9500760861371125,0.4698515834160016
SmoothSubspace,quantile_uniform,Resample_4,0.7933333333333333,0.7936774709883953,0.9350787745441209,0.5070440131881793
SmoothSubspace,quantile_uniform,Resample_5,0.7466666666666667,0.7502729154903068,0.9020125131946393,0.6300013120967572
SmoothSubspace,quantile_uniform,Resample_6,0.7866666666666666,0.7870802075771021,0.9193925121257064,0.5602584321769531
SmoothSubspace,quantile_uniform,Resample_7,0.8,0.7994281045751634,0.9241988512576749,0.5408602254727287
SmoothSubspace,quantile_uniform,Resample_8,0.8333333333333334,0.8315696649029983,0.94616512345679,0.49524060620050353
SmoothSubspace,quantile_uniform,Resample_9,0.8266666666666667,0.8307577118897873,0.9451461653369774,0.4913694536389717
SmoothSubspace,quantile_uniform,Resample_10,0.8333333333333334,0.8347720976006333,0.9270435882502458,0.5236489872311935
SmoothSubspace,quantile_uniform,Resample_11,0.86,0.8628335665685469,0.960761333931437,0.4733834295982469
SmoothSubspace,quantile_uniform,Resample_12,0.7866666666666666,0.7888071895424837,0.9247217270746683,0.5275205008186322
SmoothSubspace,quantile_uniform,Resample_13,0.7266666666666667,0.7300353967020633,0.9214047458606084,0.5706448826477901
SmoothSubspace,quantile_uniform,Resample_14,0.8133333333333334,0.8161543534559025,0.9393057858521775,0.4985864050616599
SmoothSubspace,quantile_uniform,Resample_15,0.7333333333333333,0.7412700238862225,0.9009892184897568,0.6188111931879403
SmoothSubspace,quantile_uniform,Resample_16,0.8,0.7925559947299078,0.9471004676665054,0.48806708011312544
SmoothSubspace,quantile_uniform,Resample_17,0.7866666666666666,0.7890189520624302,0.9253322867608582,0.5305532501369968
SmoothSubspace,quantile_uniform,Resample_18,0.7933333333333333,0.7924297924297924,0.9301042387009966,0.5569837716283667
SmoothSubspace,quantile_uniform,Resample_19,0.78,0.7825765252778716,0.9318937524865359,0.5571492293610288
SmoothSubspace,quantile_uniform,Resample_20,0.7866666666666666,0.7878792753087015,0.924367705604819,0.54676042072964
SmoothSubspace,quantile_uniform,Resample_21,0.8666666666666667,0.8666928309785452,0.9520576547450664,0.4781978840623403
SmoothSubspace,quantile_uniform,Resample_22,0.82,0.8200539881574365,0.9456820119352088,0.4733368215647111
SmoothSubspace,quantile_uniform,Resample_23,0.7666666666666667,0.7654320987654321,0.9218504901960785,0.5343634720047369
SmoothSubspace,quantile_uniform,Resample_24,0.82,0.8187153753512645,0.9469630000333634,0.47899920456147754
SmoothSubspace,quantile_uniform,Resample_25,0.7866666666666666,0.7858654572940287,0.9303320526581533,0.5437817947537716
SmoothSubspace,quantile_uniform,Resample_26,0.72,0.7278050970781873,0.8967686994252919,0.6208811790724127
SmoothSubspace,quantile_uniform,Resample_27,0.82,0.8193951197158896,0.9320900369191734,0.5455436204059796
SmoothSubspace,quantile_uniform,Resample_28,0.74,0.7384465788005352,0.8997487447945101,0.6408057537970674
SmoothSubspace,quantile_uniform,Resample_29,0.8133333333333334,0.8163441723538071,0.9508737663897507,0.4517123758712009
